{
  "regime": "active",
  "final_loss": 0.0046504647471010685,
  "training_time": 3.446366786956787,
  "duty_cycle": 50.0,
  "epochs": 3000,
  "use_solar": true,
  "adaptive_reg": true,
  "losses": [
    0.1420830637216568,
    0.019063565880060196,
    0.010636316612362862,
    0.009586339816451073,
    0.009327291510999203,
    0.0090216975659132,
    0.008905734866857529,
    0.00886352639645338,
    0.00882358755916357,
    0.00879394169896841,
    0.008775842376053333,
    0.008758604526519775,
    0.008740800432860851,
    0.008723018690943718,
    0.008704420179128647,
    0.008685083128511906,
    0.008664990775287151,
    0.008644194342195988,
    0.008622748777270317,
    0.008600709959864616,
    0.008578126318752766,
    0.008555043488740921,
    0.008531500585377216,
    0.00850753579288721,
    0.008483178913593292,
    0.008458460681140423,
    0.008433409035205841,
    0.008408047258853912,
    0.008382396772503853,
    0.00835647713392973,
    0.008330306969583035,
    0.008303901180624962,
    0.00827727373689413,
    0.008250439539551735,
    0.00822340976446867,
    0.008196195587515831,
    0.00816880352795124,
    0.008141247555613518,
    0.008113530464470387,
    0.008085659705102444,
    0.008057644590735435,
    0.00802948884665966,
    0.008001198060810566,
    0.007972776889801025,
    0.007944229990243912,
    0.007915560156106949,
    0.007886772975325584,
    0.007857870310544968,
    0.007828854024410248,
    0.007799729239195585,
    0.007770496886223555,
    0.007741158362478018,
    0.00771171972155571,
    0.0076821791008114815,
    0.007652541156858206,
    0.00762280635535717,
    0.007592977490276098,
    0.007563055492937565,
    0.007533044554293156,
    0.007502943277359009,
    0.007472754456102848,
    0.007442481815814972,
    0.007412123493850231,
    0.0073816850781440735,
    0.00735116470605135,
    0.00732056749984622,
    0.007289892993867397,
    0.007259143516421318,
    0.0072283209301531315,
    0.007197427097707987,
    0.007166464813053608,
    0.007135435007512569,
    0.007104339078068733,
    0.007073181215673685,
    0.007041961420327425,
    0.007010681554675102,
    0.006979344412684441,
    0.006947953719645739,
    0.006916507612913847,
    0.006885013077408075,
    0.0068534673191607,
    0.006821875460445881,
    0.006790239363908768,
    0.0067585608921945095,
    0.006726840976625681,
    0.006695084273815155,
    0.006663289852440357,
    0.006631463300436735,
    0.006599604617804289,
    0.006567716598510742,
    0.006535802036523819,
    0.0065038613975048065,
    0.006471898872405291,
    0.006439915858209133,
    0.006407913751900196,
    0.006375896744430065,
    0.006343865301460028,
    0.006311820819973946,
    0.006279768422245979,
    0.0062477076426148415,
    0.0062156422063708305,
    0.006183572579175234,
    0.00615150248631835,
    0.006119432859122753,
    0.006087366491556168,
    0.006055304314941168,
    0.006023251451551914,
    0.00599120557308197,
    0.005959172733128071,
    0.005927151534706354,
    0.005895146168768406,
    0.005863158497959375,
    0.005831189453601837,
    0.005799240432679653,
    0.0057673160918056965,
    0.00573541596531868,
    0.00570354238152504,
    0.005671696737408638,
    0.005639881361275911,
    0.005608098115772009,
    0.0055763497948646545,
    0.005544635932892561,
    0.005512959789484739,
    0.005481322295963764,
    0.0054497262462973595,
    0.005418171640485525,
    0.00538666220381856,
    0.005355196073651314,
    0.005323778372257948,
    0.005292409565299749,
    0.00526109104976058,
    0.005229823756963015,
    0.0051986114121973515,
    0.005167452618479729,
    0.0051363506354391575,
    0.0051053049974143505,
    0.005074319429695606,
    0.005043394863605499,
    0.005012531764805317,
    0.004981731064617634,
    0.004950996022671461,
    0.004920325707644224,
    0.0048897224478423595,
    0.004859189502894878,
    0.004828724544495344,
    0.004798330366611481,
    0.004768008831888437,
    0.004737760405987501,
    0.004707586485892534,
    0.004677487537264824
  ],
  "duty_log": [
    1,
    1,
    1,
    1,
    1,
    1,
    1,
    1,
    1,
    1,
    1,
    1,
    1,
    1,
    1,
    1,
    1,
    1,
    1,
    1,
    1,
    1,
    1,
    1,
    1,
    1,
    1,
    1,
    1,
    1,
    1,
    1,
    1,
    1,
    1,
    1,
    1,
    1,
    1,
    1,
    1,
    1,
    1,
    1,
    1,
    1,
    1,
    1,
    1,
    1,
    1,
    1,
    1,
    1,
    1,
    1,
    1,
    1,
    1,
    1,
    1,
    1,
    1,
    1,
    1,
    1,
    1,
    1,
    1,
    1,
    1,
    1,
    1,
    1,
    1,
    1,
    1,
    1,
    1,
    1,
    1,
    1,
    1,
    1,
    1,
    1,
    1,
    1,
    1,
    1,
    1,
    1,
    1,
    1,
    1,
    1,
    1,
    1,
    1,
    1,
    1,
    1,
    1,
    1,
    1,
    1,
    1,
    1,
    1,
    1,
    1,
    1,
    1,
    1,
    1,
    1,
    1,
    1,
    1,
    1,
    1,
    1,
    1,
    1,
    1,
    1,
    1,
    1,
    1,
    1,
    1,
    1,
    1,
    1,
    1,
    1,
    1,
    1,
    1,
    1,
    1,
    1,
    1,
    1,
    1,
    1,
    1,
    1,
    1,
    1,
    1,
    1,
    1,
    1,
    1,
    1,
    1,
    1,
    1,
    1,
    1,
    1,
    1,
    1,
    1,
    1,
    1,
    1,
    1,
    1,
    1,
    1,
    1,
    1,
    1,
    1,
    1,
    1,
    1,
    1,
    1,
    1,
    1,
    1,
    1,
    1,
    1,
    1,
    1,
    1,
    1,
    1,
    1,
    1,
    1,
    1,
    1,
    1,
    1,
    1,
    1,
    1,
    1,
    1,
    1,
    1,
    1,
    1,
    1,
    1,
    1,
    1,
    1,
    1,
    1,
    1,
    1,
    1,
    1,
    1,
    1,
    1,
    1,
    1,
    1,
    1,
    1,
    1,
    1,
    1,
    1,
    1,
    1,
    1,
    1,
    1,
    1,
    1,
    1,
    1,
    1,
    1,
    1,
    1,
    1,
    1,
    1,
    1,
    1,
    1,
    1,
    1,
    1,
    1,
    1,
    1,
    1,
    1,
    1,
    1,
    1,
    1,
    1,
    1,
    1,
    1,
    1,
    1,
    1,
    1,
    1,
    1,
    1,
    1,
    1,
    1,
    1,
    1,
    1,
    1,
    1,
    1,
    1,
    1,
    1,
    1,
    1,
    1,
    1,
    1,
    1,
    1,
    1,
    1,
    1,
    1,
    1,
    1,
    1,
    1
  ]
}