{
  "regime": "continuous",
  "final_loss": 0.0016971506411209702,
  "training_time": 6.502117156982422,
  "duty_cycle": 100.0,
  "epochs": 3000,
  "use_solar": false,
  "adaptive_reg": false,
  "losses": [
    0.17026953399181366,
    0.016437122598290443,
    0.011512226425111294,
    0.009736550971865654,
    0.008909539319574833,
    0.00859904196113348,
    0.00852225162088871,
    0.008492705412209034,
    0.008443165570497513,
    0.008387831971049309,
    0.008346160873770714,
    0.008310857228934765,
    0.008274545893073082,
    0.008238411508500576,
    0.008202220313251019,
    0.008165614679455757,
    0.008128742687404156,
    0.008091586641967297,
    0.008054211735725403,
    0.00801665335893631,
    0.007978957146406174,
    0.007941154763102531,
    0.007903280667960644,
    0.0078653609380126,
    0.007827422581613064,
    0.007789487484842539,
    0.007751574739813805,
    0.007713702041655779,
    0.007675884757190943,
    0.007638138253241777,
    0.00760047510266304,
    0.007562906481325626,
    0.00752544030547142,
    0.007488088216632605,
    0.007450856734067202,
    0.007413752377033234,
    0.007376784458756447,
    0.007339957170188427,
    0.00730327470228076,
    0.007266741245985031,
    0.007230362389236689,
    0.007194139063358307,
    0.007158076856285334,
    0.007122174836695194,
    0.007086436729878187,
    0.007050865329802036,
    0.007015461567789316,
    0.006980225443840027,
    0.0069451588205993176,
    0.006910262629389763,
    0.006875535938888788,
    0.006840979680418968,
    0.006806596182286739,
    0.006772382650524378,
    0.006738337688148022,
    0.006704464554786682,
    0.006670760456472635,
    0.006637225393205881,
    0.00660385936498642,
    0.006570660509169102,
    0.006537628825753927,
    0.006504763383418322,
    0.006472062319517136,
    0.0064395274966955185,
    0.0064071533270180225,
    0.006374942604452372,
    0.006342893000692129,
    0.006311003118753433,
    0.006279271561652422,
    0.00624769926071167,
    0.006216282490640879,
    0.006185021251440048,
    0.006153915077447891,
    0.006122961640357971,
    0.006092159543186426,
    0.006061508785933256,
    0.006031007505953312,
    0.006000655237585306,
    0.005970449186861515,
    0.0059403907507658005,
    0.005910476204007864,
    0.005880706012248993,
    0.005851078778505325,
    0.005821593105792999,
    0.005792247597128153,
    0.005763042718172073,
    0.005733974743634462,
    0.005705045070499182,
    0.005676251370459795,
    0.005647593177855015,
    0.005619069095700979,
    0.005590677727013826,
    0.005562420003116131,
    0.005534291733056307,
    0.005506295245140791,
    0.005478428211063147,
    0.0054506887681782246,
    0.005423077382147312,
    0.005395593121647835,
    0.005368233658373356,
    0.005340998992323875,
    0.005313890054821968,
    0.005286902189254761,
    0.00526003772392869,
    0.005233293399214745,
    0.005206671077758074,
    0.00518017029389739,
    0.005153785925358534,
    0.0051275198347866535,
    0.005101372487843037,
    0.005075341556221247,
    0.005049427505582571,
    0.005023627541959286,
    0.004997943993657827,
    0.0049723731353878975,
    0.004946915898472071,
    0.0049215699546039104,
    0.004896337632089853,
    0.004871215205639601,
    0.004846204537898302,
    0.004821302834898233,
    0.004796511027961969,
    0.004771827720105648,
    0.004747251980006695,
    0.00472278380766511,
    0.004698421806097031,
    0.004674166906625032,
    0.0046500167809426785,
    0.004625971894711256,
    0.004602031782269478,
    0.004578195512294769,
    0.004554462153464556,
    0.004530831705778837,
    0.004507302772253752,
    0.004483875818550587,
    0.004460550379008055,
    0.004437325056642294,
    0.004414199851453304,
    0.004391172900795937,
    0.004368246532976627,
    0.004345417022705078,
    0.004322686232626438,
    0.004300052300095558,
    0.004277516156435013,
    0.0042550754733383656,
    0.004232730716466904,
    0.00421048142015934,
    0.004188327584415674,
    0.004166267346590757,
    0.004144301638007164,
    0.004122428596019745,
    0.004100649151951075,
    0.004078961908817291,
    0.004057367332279682,
    0.004035863559693098,
    0.004014451056718826,
    0.003993128426373005,
    0.003971897531300783,
    0.0039507560431957245,
    0.003929702565073967,
    0.003908739425241947,
    0.003887864062562585,
    0.0038670769426971674,
    0.0038463775999844074,
    0.0038257651031017303,
    0.0038052392192184925,
    0.0037847990170121193,
    0.003764445660635829,
    0.0037441777531057596,
    0.003723994130268693,
    0.003703896189108491,
    0.0036838827654719353,
    0.003663952462375164,
    0.0036441052798181772,
    0.003624341217800975,
    0.003604660276323557,
    0.0035850622225552797,
    0.0035655449610203505,
    0.0035461094230413437,
    0.0035267560742795467,
    0.0035074823535978794,
    0.0034882896579802036,
    0.0034691770561039448,
    0.0034501436166465282,
    0.003431189339607954,
    0.0034123146906495094,
    0.00339351873844862,
    0.0033748000860214233,
    0.003356160130351782,
    0.0033375974744558334,
    0.0033191123511642218,
    0.003300704061985016,
    0.0032823714427649975,
    0.0032641154248267412,
    0.0032459357753396034,
    0.003227831097319722,
    0.003209801623597741,
    0.0031918478198349476,
    0.0031739675905555487,
    0.0031561623327434063,
    0.0031384301837533712,
    0.003120772074908018,
    0.0031031875405460596,
    0.003085675649344921,
    0.0030682366341352463,
    0.0030508695635944605,
    0.0030335753690451384,
    0.003016352653503418,
    0.0029992011841386557,
    0.002982121193781495,
    0.0029651117511093616,
    0.0029481735546141863,
    0.0029313054401427507,
    0.0029145076405256987,
    0.0028977796901017427,
    0.0028811211232095957,
    0.0028645319398492575,
    0.002848011674359441,
    0.0028315603267401457,
    0.002815177198499441,
    0.0027988627552986145,
    0.002782615600153804,
    0.002766437130048871,
    0.0027503252495080233,
    0.002734280889853835,
    0.0027183040510863066,
    0.002702393103390932,
    0.00268654921092093,
    0.002670771675184369,
    0.0026550600305199623,
    0.0026394138112664223,
    0.0026238334830850363,
    0.002608318580314517,
    0.002592868637293577,
    0.002577483654022217,
    0.002562163630500436,
    0.0025469076354056597,
    0.002531715901568532,
    0.0025165884289890528,
    0.0025015247520059347,
    0.002486524172127247,
    0.002471587620675564,
    0.0024567139334976673,
    0.0024419028777629137,
    0.0024271553847938776,
    0.002412470057606697,
    0.002397847129032016,
    0.00238328636623919,
    0.0023687873035669327,
    0.0023543506395071745,
    0.0023399752099066973,
    0.0023256612475961447,
    0.0023114087525755167,
    0.002297217259183526,
    0.0022830863017588854,
    0.0022690158803015947,
    0.002255006693303585,
    0.0022410571109503508,
    0.0022271680645644665,
    0.0022133388556540012,
    0.0021995697170495987,
    0.0021858594845980406,
    0.002172209322452545,
    0.0021586185321211815,
    0.0021450866479426622,
    0.0021316136699169874,
    0.002118199598044157,
    0.00210484373383224,
    0.0020915470086038113,
    0.0020783080253750086,
    0.0020651270169764757,
    0.0020520046819001436,
    0.002038939855992794,
    0.002025932539254427,
    0.002012982964515686,
    0.002000090666115284,
    0.0019872556440532207,
    0.0019744778983294964,
    0.0019617569632828236,
    0.0019490922568365932,
    0.001936484593898058,
    0.0019239335088059306,
    0.0019114385358989239,
    0.0018989999080076814,
    0.0018866171594709158,
