{
  "regime": "passive",
  "final_loss": 0.001225838321261108,
  "training_time": 3.2972166538238525,
  "duty_cycle": 50.0,
  "epochs": 3000,
  "use_solar": true,
  "adaptive_reg": false,
  "losses": [
    0.026253078132867813,
    0.009919755160808563,
    0.00918829720467329,
    0.008645785972476006,
    0.008408180437982082,
    0.008237220346927643,
    0.008119046688079834,
    0.00801884476095438,
    0.007922876626253128,
    0.007826494053006172,
    0.007729005068540573,
    0.00763148907572031,
    0.007534543983638287,
    0.007437786553055048,
    0.007341454736888409,
    0.007245779037475586,
    0.007150896824896336,
    0.007057198788970709,
    0.006964207161217928,
    0.006872351281344891,
    0.006781495176255703,
    0.006691732909530401,
    0.0066031101159751415,
    0.0065156533382833,
    0.006429378408938646,
    0.0063444459810853004,
    0.006260638125240803,
    0.006177933420985937,
    0.006096375174820423,
    0.006015980616211891,
    0.005936745088547468,
    0.005858656484633684,
    0.00578170083463192,
    0.0057058618403971195,
    0.00563119538128376,
    0.005557616241276264,
    0.005485029891133308,
    0.005413468461483717,
    0.005342928227037191,
    0.00527340080589056,
    0.005204866640269756,
    0.0051373085007071495,
    0.005070707760751247,
    0.005005044862627983,
    0.0049403030425310135,
    0.004876464605331421,
    0.004813512787222862,
    0.0047514294274151325,
    0.0046902550384402275,
    0.004629889968782663,
    0.004570310469716787,
    0.004511530976742506,
    0.0044535426422953606,
    0.004396334290504456,
    0.0043398914858698845,
    0.004284200258553028,
    0.0042292471043765545,
    0.004175017587840557,
    0.004121501464396715,
    0.0040686847642064095,
    0.004016554914414883,
    0.003965101670473814,
    0.0039143129251897335,
    0.0038641788996756077,
    0.00381468771956861,
    0.0037658298388123512,
    0.00371759501285851,
    0.0036699736956506968,
    0.0036229565739631653,
    0.0035765336360782385,
    0.003530696500092745,
    0.0034854367841035128,
    0.003440745873376727,
    0.0033966151531785727,
    0.003353036940097809,
    0.003310002386569977,
    0.0032675047405064106,
    0.0032255363184958696,
    0.0031840899027884007,
    0.003143157809972763,
    0.003102733753621578,
    0.003062810283154249,
    0.00302338064648211,
    0.0029844390228390694,
    0.0029459777288138866,
    0.0029079916421324015,
    0.0028704737778753042,
    0.002833418548107147,
    0.0027968198992311954,
    0.0027606713119894266,
    0.0027249681297689676,
    0.0026897042989730835,
    0.0026548742316663265,
    0.0026204721070826054,
    0.0025864930357784033,
    0.0025529316626489162,
    0.0025197830982506275,
    0.002487041288986802,
    0.002454702276736498,
    0.002422760706394911,
    0.002391211688518524,
    0.0023600503336638212,
    0.002329272450879216,
    0.0022988724522292614,
    0.002268846845254302,
    0.0022391905076801777,
    0.0022098987828940153,
    0.00218096817843616,
    0.002152393339201808,
    0.002124170307070017,
    0.0020962951239198446,
    0.0020687635987997055,
    0.0020415717735886574,
    0.002014714991673827,
    0.00198818976059556,
    0.0019619923550635576,
    0.0019361184677109122,
    0.0019105641404166818,
    0.0018853258807212114,
    0.0018604001961648464,
    0.001835782895796001,
    0.0018114704871550202,
    0.0017874595941975713,
    0.0017637461423873901,
    0.0017403274541720748,
    0.0017171988729387522,
    0.001694357837550342,
    0.0016718009719625115,
    0.0016495247837156057,
    0.0016275257803499699,
    0.0016058009350672364,
    0.0015843469882383943,
    0.0015631605638191104,
    0.001542238867841661,
    0.0015215784078463912,
    0.0015011761570349336,
    0.0014810295542702079,
    0.0014611349906772375,
    0.0014414897887036204,
    0.0014220909215509892,
    0.0014029355952516198,
    0.0013840208994224668,
    0.001365344156511128,
    0.0013469021068885922,
    0.001328692538663745,
    0.0013107124250382185,
    0.0012929589720442891,
    0.0012754297349601984,
    0.001258122269064188,
    0.0012410333147272468
  ],
  "duty_log": [
    1,
    1,
    1,
    1,
    1,
    1,
    1,
    1,
    1,
    1,
    1,
    1,
    1,
    1,
    1,
    1,
    1,
    1,
    1,
    1,
    1,
    1,
    1,
    1,
    1,
    1,
    1,
    1,
    1,
    1,
    1,
    1,
    1,
    1,
    1,
    1,
    1,
    1,
    1,
    1,
    1,
    1,
    1,
    1,
    1,
    1,
    1,
    1,
    1,
    1,
    1,
    1,
    1,
    1,
    1,
    1,
    1,
    1,
    1,
    1,
    1,
    1,
    1,
    1,
    1,
    1,
    1,
    1,
    1,
    1,
    1,
    1,
    1,
    1,
    1,
    1,
    1,
    1,
    1,
    1,
    1,
    1,
    1,
    1,
    1,
    1,
    1,
    1,
    1,
    1,
    1,
    1,
    1,
    1,
    1,
    1,
    1,
    1,
    1,
    1,
    1,
    1,
    1,
    1,
    1,
    1,
    1,
    1,
    1,
    1,
    1,
    1,
    1,
    1,
    1,
    1,
    1,
    1,
    1,
    1,
    1,
    1,
    1,
    1,
    1,
    1,
    1,
    1,
    1,
    1,
    1,
    1,
    1,
    1,
    1,
    1,
    1,
    1,
    1,
    1,
    1,
    1,
    1,
    1,
    1,
    1,
    1,
    1,
    1,
    1,
    1,
    1,
    1,
    1,
    1,
    1,
    1,
    1,
    1,
    1,
    1,
    1,
    1,
    1,
    1,
    1,
    1,
    1,
    1,
    1,
    1,
    1,
    1,
    1,
    1,
    1,
    1,
    1,
    1,
    1,
    1,
    1,
    1,
    1,
    1,
    1,
    1,
    1,
    1,
    1,
    1,
    1,
    1,
    1,
    1,
    1,
    1,
    1,
    1,
    1,
    1,
    1,
    1,
    1,
    1,
    1,
    1,
    1,
    1,
    1,
    1,
    1,
    1,
    1,
    1,
    1,
    1,
    1,
    1,
    1,
    1,
    1,
    1,
    1,
    1,
    1,
    1,
    1,
    1,
    1,
    1,
    1,
    1,
    1,
    1,
    1,
    1,
    1,
    1,
    1,
    1,
    1,
    1,
    1,
    1,
    1,
    1,
    1,
    1,
    1,
    1,
    1,
    1,
    1,
    1,
    1,
    1,
    1,
    1,
    1,
    1,
    1,
    1,
    1,
    1,
    1,
    1,
    1,
    1,
    1,
    1,
    1,
    1,
    1,
    1,
    1,
    1,
    1,
    1,
    1,
    1,
    1,
    1,
    1,
    1,
    1,
    1,
    1,
    1,
    1,
    1,
    1,
    1,
    1,
    1,
    1,
    1,
    1,
    1,
    1
  ]
}