{
  "regime": "active",
  "final_loss": 0.020745418965816498,
  "training_time": 16.09293031692505,
  "duty_cycle": 50.0,
  "epochs": 3000,
  "node_num": 16,
  "use_solar": true,
  "adaptive_reg": true,
  "losses": [
    4.589732646942139,
    1.2337318658828735,
    1.3317415714263916,
    1.0853756666183472,
    1.0393222570419312,
    0.9904594421386719,
    0.9462849497795105,
    0.9122675657272339,
    0.8780701160430908,
    0.8439527153968811,
    0.8096860647201538,
    0.7742358446121216,
    0.7376958131790161,
    0.6997626423835754,
    0.6606693863868713,
    0.6217141151428223,
    0.5847180485725403,
    0.5513666868209839,
    0.5223246216773987,
    0.4970482885837555,
    0.4746464490890503,
    0.45466795563697815,
    0.4369088411331177,
    0.42096149921417236,
    0.4062674939632416,
    0.3923686444759369,
    0.37895676493644714,
    0.3658553957939148,
    0.3531063497066498,
    0.34116604924201965,
    0.3310203552246094,
    0.32354736328125,
    0.31824684143066406,
    0.31381016969680786,
    0.309711754322052,
    0.30582088232040405,
    0.3019786477088928,
    0.29811543226242065,
    0.2942093312740326,
    0.29023846983909607,
    0.28618285059928894,
    0.2820228934288025,
    0.27774128317832947,
    0.27332207560539246,
    0.2687474191188812,
    0.263994961977005,
    0.25903844833374023,
    0.25385135412216187,
    0.248412624001503,
    0.24271708726882935,
    0.23678873479366302,
    0.23069584369659424,
    0.22456145286560059,
    0.21855250000953674,
    0.21282681822776794,
    0.20744745433330536,
    0.20234300196170807,
    0.19737963378429413,
    0.19246557354927063,
    0.18756693601608276,
    0.18266285955905914,
    0.177721306681633,
    0.17270095646381378,
    0.1675577610731125,
    0.16225068271160126,
    0.15829148888587952,
    0.15138499438762665,
    0.14612242579460144,
    0.14047083258628845,
    0.1348268836736679,
    0.12927739322185516,
    0.12393234670162201,
    0.11880286037921906,
    0.11390989273786545,
    0.10921342670917511,
    0.10463986545801163,
    0.10068098455667496,
    0.09594030678272247,
    0.09189295023679733,
    0.08727924525737762,
    0.08304733037948608,
    0.07886086404323578,
    0.07474979758262634,
    0.0707947388291359,
    0.06702486425638199,
    0.0634782463312149,
    0.0605241097509861,
    0.06016439571976662,
    0.05498307943344116,
    0.052321791648864746,
    0.050107646733522415,
    0.047955334186553955,
    0.04602072760462761,
    0.04424017295241356,
    0.04261643439531326,
    0.04110629856586456,
    0.03970455378293991,
    0.03841438889503479,
    0.0417155995965004,
    0.036302853375673294,
    0.035372886806726456,
    0.03447065129876137,
    0.03347502648830414,
    0.03259441256523132,
    0.03181656450033188,
    0.03110393136739731,
    0.030425261706113815,
    0.029788650572299957,
    0.029190152883529663,
    0.02862577885389328,
    0.02812081202864647,
    0.03224940598011017,
    0.02791256457567215,
    0.02731633000075817,
    0.026595482602715492,
    0.02604394406080246,
    0.025633879005908966,
    0.025308478623628616,
    0.0249834842979908,
    0.024682190269231796,
    0.02439603954553604,
    0.024125374853610992,
    0.023868011310696602,
    0.023624714463949203,
    0.023442041128873825,
    0.029582224786281586,
    0.023032115772366524,
    0.022851455956697464,
    0.022649219259619713,
    0.022474486380815506,
    0.022326625883579254,
    0.022177349776029587,
    0.02202552556991577,
    0.021889500319957733,
    0.02176189050078392,
    0.02164110541343689,
    0.02152635157108307,
    0.02141762524843216,
    0.02131456695497036,
    0.021216828376054764,
    0.02112475037574768,
    0.021319830790162086,
    0.02196652442216873,
    0.021367326378822327,
    0.021070152521133423,
    0.020822975784540176,
    0.020719286054372787,
    0.02102031372487545,
    0.022801227867603302,
    0.02053430862724781
  ],
  "duty_log": [
    1,
    1,
    1,
    1,
    1,
    1,
    1,
    1,
    1,
    1,
    1,
    1,
    1,
    1,
    1,
    1,
    1,
    1,
    1,
    1,
    1,
    1,
    1,
    1,
    1,
    1,
    1,
    1,
    1,
    1,
    1,
    1,
    1,
    1,
    1,
    1,
    1,
    1,
    1,
    1,
    1,
    1,
    1,
    1,
    1,
    1,
    1,
    1,
    1,
    1,
    1,
    1,
    1,
    1,
    1,
    1,
    1,
    1,
    1,
    1,
    1,
    1,
    1,
    1,
    1,
    1,
    1,
    1,
    1,
    1,
    1,
    1,
    1,
    1,
    1,
    1,
    1,
    1,
    1,
    1,
    1,
    1,
    1,
    1,
    1,
    1,
    1,
    1,
    1,
    1,
    1,
    1,
    1,
    1,
    1,
    1,
    1,
    1,
    1,
    1,
    1,
    1,
    1,
    1,
    1,
    1,
    1,
    1,
    1,
    1,
    1,
    1,
    1,
    1,
    1,
    1,
    1,
    1,
    1,
    1,
    1,
    1,
    1,
    1,
    1,
    1,
    1,
    1,
    1,
    1,
    1,
    1,
    1,
    1,
    1,
    1,
    1,
    1,
    1,
    1,
    1,
    1,
    1,
    1,
    1,
    1,
    1,
    1,
    1,
    1,
    1,
    1,
    1,
    1,
    1,
    1,
    1,
    1,
    1,
    1,
    1,
    1,
    1,
    1,
    1,
    1,
    1,
    1,
    1,
    1,
    1,
    1,
    1,
    1,
    1,
    1,
    1,
    1,
    1,
    1,
    1,
    1,
    1,
    1,
    1,
    1,
    1,
    1,
    1,
    1,
    1,
    1,
    1,
    1,
    1,
    1,
    1,
    1,
    1,
    1,
    1,
    1,
    1,
    1,
    1,
    1,
    1,
    1,
    1,
    1,
    1,
    1,
    1,
    1,
    1,
    1,
    1,
    1,
    1,
    1,
    1,
    1,
    1,
    1,
    1,
    1,
    1,
    1,
    1,
    1,
    1,
    1,
    1,
    1,
    1,
    1,
    1,
    1,
    1,
    1,
    1,
    1,
    1,
    1,
    1,
    1,
    1,
    1,
    1,
    1,
    1,
    1,
    1,
    1,
    1,
    1,
    1,
    1,
    1,
    1,
    1,
    1,
    1,
    1,
    1,
    1,
    1,
    1,
    1,
    1,
    1,
    1,
    1,
    1,
    1,
    1,
    1,
    1,
    1,
    1,
    1,
    1,
    1,
    1,
    1,
    1,
    1,
    1,
    1,
    1,
    1,
    1,
    1,
    1,
    1,
    1,
    1,
    1,
    1,
    1
  ]
}