{
  "regime": "continuous",
  "final_loss": 0.012921895831823349,
  "training_time": 32.891098737716675,
  "duty_cycle": 100.0,
  "epochs": 3000,
  "node_num": 16,
  "use_solar": false,
  "adaptive_reg": false,
  "losses": [
    1.6198986768722534,
    1.0261452198028564,
    0.9130620956420898,
    0.8569204807281494,
    0.8181285262107849,
    0.7805008292198181,
    0.7420350909233093,
    0.7035864591598511,
    0.6684252619743347,
    0.6348074078559875,
    0.6003360748291016,
    0.5641147494316101,
    0.5271303653717041,
    0.4910261929035187,
    0.4578936696052551,
    0.4299469590187073,
    0.4078928232192993,
    0.39064040780067444,
    0.3762962520122528,
    0.36350497603416443,
    0.3517816364765167,
    0.34099772572517395,
    0.33106642961502075,
    0.3218992054462433,
    0.31338900327682495,
    0.3054158687591553,
    0.2978711426258087,
    0.2906601130962372,
    0.2836998999118805,
    0.2769203782081604,
    0.2702656090259552,
    0.26369062066078186,
    0.25715696811676025,
    0.25062721967697144,
    0.2440596967935562,
    0.23740436136722565,
    0.23060397803783417,
    0.22360357642173767,
    0.21636547148227692,
    0.20887519419193268,
    0.2011263221502304,
    0.1930963397026062,
    0.18474499881267548,
    0.1760348528623581,
    0.16694991290569305,
    0.15749408304691315,
    0.14812418818473816,
    0.1382870376110077,
    0.1280198097229004,
    0.11777396500110626,
    0.10731923580169678,
    0.09689538180828094,
    0.08665620535612106,
    0.07777382433414459,
    0.06842705607414246,
    0.061298299580812454,
    0.053752001374959946,
    0.047268345952034,
    0.04128224030137062,
    0.041110001504421234,
    0.0336732342839241,
    0.030575908720493317,
    0.028517620638012886,
    0.026435798034071922,
    0.024921512231230736,
    0.023779509589076042,
    0.024843504652380943,
    0.02260800264775753,
    0.021064508706331253,
    0.020430004224181175,
    0.01985190249979496,
    0.01932913064956665,
    0.01890701614320278,
    0.01867746375501156,
    0.019668519496917725,
    0.01827981323003769,
    0.017636071890592575,
    0.017320401966571808,
    0.01709311455488205,
    0.016875404864549637,
    0.016690047457814217,
    0.016546981409192085,
    0.017211221158504486,
    0.016240892931818962,
    0.016330266371369362,
    0.01613285019993782,
    0.015925342217087746,
    0.015802986919879913,
    0.015708714723587036,
    0.015619657933712006,
    0.015541035681962967,
    0.015467114746570587,
    0.01540290005505085,
    0.015598573721945286,
    0.0168549083173275,
    0.01560714840888977,
    0.015229025855660439,
    0.01522876601666212,
    0.015069663524627686,
    0.01503951009362936,
    0.014983708038926125,
    0.014939476735889912,
    0.014899403788149357,
    0.014860427007079124,
    0.014822781085968018,
    0.01478643249720335,
    0.014751069247722626,
    0.014716861769557,
    0.01468413695693016,
    0.014682904817163944,
    0.017802562564611435,
    0.01619395799934864,
    0.015080061741173267,
    0.01457083597779274,
    0.01452433131635189,
    0.014513704925775528,
    0.014459933154284954,
    0.014437885954976082,
    0.014410518109798431,
    0.01438769232481718,
    0.014364637434482574,
    0.014342129230499268,
    0.01432018168270588,
    0.014298681169748306,
    0.01427757553756237,
    0.014256889000535011,
    0.01423659548163414,
    0.01421685703098774,
    0.014208899810910225,
    0.01567891053855419,
    0.01585867628455162,
    0.014159899204969406,
    0.014190067537128925,
    0.014204829931259155,
    0.014124850742518902,
    0.014075839892029762,
    0.014065243303775787,
    0.01404467411339283,
    0.01403001882135868,
    0.01401425339281559,
    0.013999279588460922,
    0.013984594494104385,
    0.01397009938955307,
    0.013955801725387573,
    0.013941692188382149,
    0.013927765190601349,
    0.01391400583088398,
    0.013900425285100937,
    0.013887153938412666,
    0.013890364207327366,
    0.0171587485820055,
    0.016278371214866638,
    0.01478765718638897,
    0.014168296940624714,
    0.013929897919297218,
    0.01383268740028143,
    0.01379375159740448,
    0.013780303299427032,
    0.01377076469361782,
    0.013758312910795212,
    0.013747438788414001,
    0.013736732304096222,
    0.013726206496357918,
    0.013715759851038456,
    0.013705439865589142,
    0.013695205561816692,
    0.013685062527656555,
    0.013675015419721603,
    0.01366504654288292,
    0.013655168004333973,
    0.013645368628203869,
    0.013635661453008652,
    0.01362643949687481,
    0.013666058890521526,
    0.019673194736242294,
    0.013734132051467896,
    0.013884293846786022,
    0.013784678652882576,
    0.013671987690031528,
    0.013590285554528236,
    0.013556553050875664,
    0.01355031132698059,
    0.013540828600525856,
    0.013531461358070374,
    0.013523407280445099,
    0.013515269383788109,
    0.013507211580872536,
    0.013499269261956215,
    0.013491382822394371,
    0.013483536429703236,
    0.013475757092237473,
    0.01346801221370697,
    0.0134603101760149,
    0.013452669605612755,
    0.01344506349414587,
    0.013437497429549694,
    0.013430044054985046,
    0.013435574248433113,
    0.017995690926909447,
    0.015067193657159805,
    0.013793437741696835,
    0.013427880592644215,
    0.013389645144343376,
    0.013384886085987091,
    0.013377022929489613,
    0.013369287364184856,
    0.013363024219870567,
    0.013356916606426239,
    0.01335030049085617,
    0.01334368996322155,
    0.013337383978068829,
    0.013331117108464241,
    0.013324880041182041,
    0.013318680226802826,
    0.013312510214745998,
    0.013306370005011559,
    0.013300251215696335,
    0.013294165022671223,
    0.0132881049066782,
    0.013282069936394691,
    0.013276059180498123,
    0.01327007170766592,
    0.013264117762446404,
    0.01325819082558155,
    0.013252383098006248,
    0.013258840888738632,
    0.015919385477900505,
    0.016346516087651253,
    0.013972949236631393,
    0.013304372318089008,
    0.01323262695223093,
    0.013231538236141205,
    0.013226913288235664,
    0.013206033036112785,
    0.013199012726545334,
    0.013193894177675247,
    0.013188101351261139,
    0.013182888738811016,
    0.013177743181586266,
    0.013172600418329239,
    0.013167493045330048,
    0.013162413612008095,
    0.013157349079847336,
    0.01315230317413807,
    0.013147270306944847,
    0.013142252340912819,
    0.01313725858926773,
    0.01313227228820324,
    0.013127410784363747,
    0.013132032006978989,
    0.014733840711414814,
    0.014857562258839607,
    0.013126932084560394,
    0.013339967466890812,
    0.013237182050943375,
    0.013109724968671799,
    0.0130957942456007,
    0.013092447072267532,
    0.01308169960975647,
    0.01307765208184719,
    0.01307263970375061,
    0.01306805107742548,
    0.01306365430355072,
    0.01305924728512764,
    0.013054849579930305,
    0.013050464913249016,
    0.013046092353761196,
    0.013041733764111996,
    0.013037377037107944,
    0.013033032417297363,
    0.013028692454099655,
    0.01302473247051239,
    0.013052539899945259,
    0.016928846016526222,
    0.015376495197415352,
    0.01350436918437481,
    0.0130653977394104,
    0.013089081272482872,
    0.013011564500629902,
    0.01299623679369688,
    0.012991064228117466,
    0.012985065579414368,
    0.012980105355381966,
    0.012976260855793953,
    0.01297224685549736,
    0.012968268245458603,
    0.012964324094355106,
    0.012960398569703102,
    0.012956473976373672,
    0.012952562421560287,
    0.0129486583173275,
    0.012944750487804413,
    0.012940870597958565,
