{
  "regime": "passive",
  "final_loss": 0.013981364667415619,
  "training_time": 16.20499277114868,
  "duty_cycle": 50.0,
  "epochs": 3000,
  "node_num": 16,
  "use_solar": true,
  "adaptive_reg": false,
  "losses": [
    3.471867322921753,
    0.9796927571296692,
    1.087339997291565,
    0.9061517715454102,
    0.8892543315887451,
    0.8417474031448364,
    0.8071353435516357,
    0.779854416847229,
    0.7539033889770508,
    0.730108380317688,
    0.7056334018707275,
    0.6794683933258057,
    0.6508914828300476,
    0.6193674802780151,
    0.5853971838951111,
    0.550516664981842,
    0.5165045261383057,
    0.48410269618034363,
    0.45315274596214294,
    0.4240141808986664,
    0.39793962240219116,
    0.3766351342201233,
    0.3607056140899658,
    0.3488956689834595,
    0.33983421325683594,
    0.33255040645599365,
    0.32607629895210266,
    0.31987711787223816,
    0.3137873411178589,
    0.3077206313610077,
    0.3015865981578827,
    0.29527783393859863,
    0.28868433833122253,
    0.28169456124305725,
    0.27419745922088623,
    0.2661035358905792,
    0.25740930438041687,
    0.2483043223619461,
    0.23923389613628387,
    0.2307126522064209,
    0.22291859984397888,
    0.21562489867210388,
    0.20852945744991302,
    0.20133689045906067,
    0.19382081925868988,
    0.185893714427948,
    0.17752698063850403,
    0.16873295605182648,
    0.15959009528160095,
    0.15025661885738373,
    0.14091861248016357,
    0.13170821964740753,
    0.1226772591471672,
    0.11385007947683334,
    0.10530390590429306,
    0.09902969747781754,
    0.09085381776094437,
    0.08389413356781006,
    0.07766889780759811,
    0.07186421751976013,
    0.06651562452316284,
    0.061490803956985474,
    0.0567823126912117,
    0.05235593765974045,
    0.05124037340283394,
    0.04525783658027649,
    0.04133918136358261,
    0.03844073787331581,
    0.035716909915208817,
    0.03333247825503349,
    0.031212184578180313,
    0.029349977150559425,
    0.0313706137239933,
    0.02723795548081398,
    0.02554759755730629,
    0.024148091673851013,
    0.023121604695916176,
    0.02226674184203148,
    0.021505868062376976,
    0.02084410935640335,
    0.0202619768679142,
    0.02010514587163925,
    0.0200431440025568,
    0.01918242871761322,
    0.018612829968333244,
    0.018370000645518303,
    0.018047811463475227,
    0.01778099685907364,
    0.017549699172377586,
    0.01733909174799919,
    0.017144566401839256,
    0.01696532964706421,
    0.01679937168955803,
    0.016645140945911407,
    0.01650240272283554,
    0.016567900776863098,
    0.016404500231146812,
    0.016361769288778305,
    0.016066038981080055,
    0.01593567430973053,
    0.015840841457247734,
    0.0157540924847126,
    0.015671249479055405,
    0.015589187853038311,
    0.01551107969135046,
    0.0154388677328825,
    0.015369393862783909,
    0.015303336083889008,
    0.015240157023072243,
    0.01517970860004425,
    0.015121826902031898,
    0.015066362917423248,
    0.015013170428574085,
    0.014962121844291687,
    0.014913100749254227,
    0.014866002835333347,
    0.01482413336634636,
    0.01763567514717579,
    0.015117205679416656,
    0.01556447334587574,
    0.01472611352801323,
    0.014760737307369709,
    0.014605214819312096,
    0.01458466611802578,
    0.014541915617883205,
    0.014509189873933792,
    0.014480451121926308,
    0.014451749622821808,
    0.014424039982259274,
    0.0143972709774971,
    0.014371288940310478,
    0.014346027746796608,
    0.014321470633149147,
    0.01429758220911026,
    0.014274334535002708,
    0.014251701533794403,
    0.014229662716388702,
    0.01420819852501154,
    0.014187280088663101,
    0.01416690181940794,
    0.014147056266665459,
    0.014130337163805962,
    0.014821906574070454,
    0.015075220726430416,
    0.014407283626496792,
    0.014181597158312798,
    0.014084943570196629,
    0.014040376991033554,
    0.014016163535416126,
    0.013994712382555008
  ],
  "duty_log": [
    1,
    1,
    1,
    1,
    1,
    1,
    1,
    1,
    1,
    1,
    1,
    1,
    1,
    1,
    1,
    1,
    1,
    1,
    1,
    1,
    1,
    1,
    1,
    1,
    1,
    1,
    1,
    1,
    1,
    1,
    1,
    1,
    1,
    1,
    1,
    1,
    1,
    1,
    1,
    1,
    1,
    1,
    1,
    1,
    1,
    1,
    1,
    1,
    1,
    1,
    1,
    1,
    1,
    1,
    1,
    1,
    1,
    1,
    1,
    1,
    1,
    1,
    1,
    1,
    1,
    1,
    1,
    1,
    1,
    1,
    1,
    1,
    1,
    1,
    1,
    1,
    1,
    1,
    1,
    1,
    1,
    1,
    1,
    1,
    1,
    1,
    1,
    1,
    1,
    1,
    1,
    1,
    1,
    1,
    1,
    1,
    1,
    1,
    1,
    1,
    1,
    1,
    1,
    1,
    1,
    1,
    1,
    1,
    1,
    1,
    1,
    1,
    1,
    1,
    1,
    1,
    1,
    1,
    1,
    1,
    1,
    1,
    1,
    1,
    1,
    1,
    1,
    1,
    1,
    1,
    1,
    1,
    1,
    1,
    1,
    1,
    1,
    1,
    1,
    1,
    1,
    1,
    1,
    1,
    1,
    1,
    1,
    1,
    1,
    1,
    1,
    1,
    1,
    1,
    1,
    1,
    1,
    1,
    1,
    1,
    1,
    1,
    1,
    1,
    1,
    1,
    1,
    1,
    1,
    1,
    1,
    1,
    1,
    1,
    1,
    1,
    1,
    1,
    1,
    1,
    1,
    1,
    1,
    1,
    1,
    1,
    1,
    1,
    1,
    1,
    1,
    1,
    1,
    1,
    1,
    1,
    1,
    1,
    1,
    1,
    1,
    1,
    1,
    1,
    1,
    1,
    1,
    1,
    1,
    1,
    1,
    1,
    1,
    1,
    1,
    1,
    1,
    1,
    1,
    1,
    1,
    1,
    1,
    1,
    1,
    1,
    1,
    1,
    1,
    1,
    1,
    1,
    1,
    1,
    1,
    1,
    1,
    1,
    1,
    1,
    1,
    1,
    1,
    1,
    1,
    1,
    1,
    1,
    1,
    1,
    1,
    1,
    1,
    1,
    1,
    1,
    1,
    1,
    1,
    1,
    1,
    1,
    1,
    1,
    1,
    1,
    1,
    1,
    1,
    1,
    1,
    1,
    1,
    1,
    1,
    1,
    1,
    1,
    1,
    1,
    1,
    1,
    1,
    1,
    1,
    1,
    1,
    1,
    1,
    1,
    1,
    1,
    1,
    1,
    1,
    1,
    1,
    1,
    1,
    1
  ]
}