Regime,Duty Cycle (%),Final Loss,Training Time (s),Loss vs Baseline (%)
Continuous,100.0,0.012921895831823349,32.891098737716675,0.0
Passive,50.0,0.013981364667415619,16.20499277114868,8.199020092570837
Active,50.0,0.020745418965816498,16.09293031692505,60.544700528584954
