Condition,Mean Loss,± 95% CI,Duty Cycle,Degradation (%)
Continuous (Baseline),0.23914211988449097,0.018389236072221905,1.0,0.0
Real PVGIS Solar,5.106771310170491,0.549237138301209,0.004333333333333333,2035.4545625994845
Markov Model Solar,0.5004983345667521,0.022743501645905963,0.133,109.28907664132939
