Condition,Mean Loss,± 95% CI,Duty Cycle,Degradation (%)
Continuous (Baseline),0.22395189106464386,0.010994141492468367,1.0,0.0
Real PVGIS Solar,0.3757389783859253,0.025701463304158127,0.27566666666666667,67.77664908284609
Markov Model Solar,0.3504129449526469,0.05424006708849226,0.39033333333333325,56.46795536613709
