{
  "regime": "active",
  "final_loss": 0.0012811011401936412,
  "training_time": 2.788243293762207,
  "duty_cycle": 50.0,
  "epochs": 3000,
  "use_solar": true,
  "adaptive_reg": true,
  "losses": [
    0.014435814693570137,
    0.009646412916481495,
    0.008883187547326088,
    0.008533135056495667,
    0.008508878760039806,
    0.008443856611847878,
    0.00837069470435381,
    0.008311725221574306,
    0.008249366655945778,
    0.008184049278497696,
    0.00811740756034851,
    0.008048932999372482,
    0.007978920824825764,
    0.007907630875706673,
    0.007835272699594498,
    0.007762041408568621,
    0.007688108365982771,
    0.00761362025514245,
    0.0075387065298855305,
    0.00746347988024354,
    0.007388041354715824,
    0.007312505505979061,
    0.007236920762807131,
    0.007161345798522234,
    0.00708585511893034,
    0.007010490167886019,
    0.006935308687388897,
    0.006860342808067799,
    0.006785635370761156,
    0.006711224559694529,
    0.006637128069996834,
    0.0065633878111839294,
    0.00649001682177186,
    0.006417039781808853,
    0.006344475783407688,
    0.00627234298735857,
    0.00620065163820982,
    0.006129427347332239,
    0.006058667320758104,
    0.005988392513245344,
    0.00591861130669713,
    0.005849326495081186,
    0.005780556704849005,
    0.005712294019758701,
    0.005644555669277906,
    0.005577343050390482,
    0.005510661285370588,
    0.0054445150308310986,
    0.005378906149417162,
    0.005313841160386801,
    0.005249319598078728,
    0.005185343325138092,
    0.005121913738548756,
    0.005059035029262304,
    0.004996707197278738,
    0.0049349297769367695,
    0.004873703699558973,
    0.004813030827790499,
    0.004752910230308771,
    0.004693340510129929,
    0.004634323064237833,
    0.00457585696130991,
    0.004517941270023584,
    0.00446057366207242,
    0.004403755534440279,
    0.004347485024482012,
    0.004291760269552469,
    0.004236581269651651,
    0.004181944765150547,
    0.004127849359065294,
    0.0040742941200733185,
    0.0040212771855294704,
    0.003968795761466026,
    0.003916848450899124,
    0.003865433158352971,
    0.003814547788351774,
    0.0037641890812665224,
    0.003714356105774641,
    0.0036650446709245443,
    0.0036162540782243013,
    0.0035679806023836136,
    0.0035202219150960445,
    0.0034729749895632267,
    0.0034262381959706545,
    0.0033800071105360985,
    0.003334279637783766,
    0.0032890522852540016,
    0.003244322957471013,
    0.0032000879291445017,
    0.003156344871968031,
    0.003113089594990015,
    0.0030703190714120865,
    0.0030280312057584524,
    0.002986221108585596,
    0.0029448866844177246,
    0.002904023975133896,
    0.0028636299539357424,
    0.0028237008955329657,
    0.002784233307465911,
    0.0027452241629362106,
    0.0027066697366535664,
    0.0026685658376663923,
    0.0026309103704988956,
    0.0025936984457075596,
    0.0025569272693246603,
    0.0025205931160598993,
    0.002484692260622978,
    0.002449221210554242,
    0.002414176007732749,
    0.002379553159698844,
    0.002345350105315447,
    0.0023115607909858227,
    0.002278183586895466,
    0.0022452145349234343,
    0.0022126492112874985,
    0.0021804843563586473,
    0.0021487167105078697,
    0.002117341384291649,
    0.0020863565150648355,
    0.0020557569805532694,
    0.002025539753958583,
    0.001995700877159834,
    0.001966237323358655,
    0.0019371446687728167,
    0.0019084196537733078,
    0.0018800587859004736,
    0.0018520583398640156,
    0.0018244145903736353,
    0.0017971245106309652,
    0.0017701835604384542,
    0.0017435891786590219,
    0.001717336941510439,
    0.0016914242878556252,
    0.0016658471431583166,
    0.0016406018985435367,
    0.001615685410797596,
    0.001591093954630196,
    0.001566824153997004,
    0.0015428730985149741,
    0.0015192367136478424,
    0.0014959119725972414,
    0.0014728953829035163,
    0.0014501839177682996,
    0.001427773735485971,
    0.0014056619256734848,
    0.001383845112286508,
    0.0013623201521113515,
    0.0013410839019343257,
    0.0013201328692957759,
    0.0012994641438126564
  ],
  "duty_log": [
    1,
    1,
    1,
    1,
    1,
    1,
    1,
    1,
    1,
    1,
    1,
    1,
    1,
    1,
    1,
    1,
    1,
    1,
    1,
    1,
    1,
    1,
    1,
    1,
    1,
    1,
    1,
    1,
    1,
    1,
    1,
    1,
    1,
    1,
    1,
    1,
    1,
    1,
    1,
    1,
    1,
    1,
    1,
    1,
    1,
    1,
    1,
    1,
    1,
    1,
    1,
    1,
    1,
    1,
    1,
    1,
    1,
    1,
    1,
    1,
    1,
    1,
    1,
    1,
    1,
    1,
    1,
    1,
    1,
    1,
    1,
    1,
    1,
    1,
    1,
    1,
    1,
    1,
    1,
    1,
    1,
    1,
    1,
    1,
    1,
    1,
    1,
    1,
    1,
    1,
    1,
    1,
    1,
    1,
    1,
    1,
    1,
    1,
    1,
    1,
    1,
    1,
    1,
    1,
    1,
    1,
    1,
    1,
    1,
    1,
    1,
    1,
    1,
    1,
    1,
    1,
    1,
    1,
    1,
    1,
    1,
    1,
    1,
    1,
    1,
    1,
    1,
    1,
    1,
    1,
    1,
    1,
    1,
    1,
    1,
    1,
    1,
    1,
    1,
    1,
    1,
    1,
    1,
    1,
    1,
    1,
    1,
    1,
    1,
    1,
    1,
    1,
    1,
    1,
    1,
    1,
    1,
    1,
    1,
    1,
    1,
    1,
    1,
    1,
    1,
    1,
    1,
    1,
    1,
    1,
    1,
    1,
    1,
    1,
    1,
    1,
    1,
    1,
    1,
    1,
    1,
    1,
    1,
    1,
    1,
    1,
    1,
    1,
    1,
    1,
    1,
    1,
    1,
    1,
    1,
    1,
    1,
    1,
    1,
    1,
    1,
    1,
    1,
    1,
    1,
    1,
    1,
    1,
    1,
    1,
    1,
    1,
    1,
    1,
    1,
    1,
    1,
    1,
    1,
    1,
    1,
    1,
    1,
    1,
    1,
    1,
    1,
    1,
    1,
    1,
    1,
    1,
    1,
    1,
    1,
    1,
    1,
    1,
    1,
    1,
    1,
    1,
    1,
    1,
    1,
    1,
    1,
    1,
    1,
    1,
    1,
    1,
    1,
    1,
    1,
    1,
    1,
    1,
    1,
    1,
    1,
    1,
    1,
    1,
    1,
    1,
    1,
    1,
    1,
    1,
    1,
    1,
    1,
    1,
    1,
    1,
    1,
    1,
    1,
    1,
    1,
    1,
    1,
    1,
    1,
    1,
    1,
    1,
    1,
    1,
    1,
    1,
    1,
    1,
    1,
    1,
    1,
    1,
    1,
    1
  ]
}