{
  "regime": "continuous",
  "final_loss": 0.00022257825185079128,
  "training_time": 5.812839984893799,
  "duty_cycle": 100.0,
  "epochs": 3000,
  "use_solar": false,
  "adaptive_reg": false,
  "losses": [
    0.020604468882083893,
    0.009012327529489994,
    0.009384498931467533,
    0.0086354436352849,
    0.00842282734811306,
    0.00834853295236826,
    0.00825497042387724,
    0.00816003791987896,
    0.008067131042480469,
    0.007974880747497082,
    0.007882886566221714,
    0.007790811825543642,
    0.0076986453495919704,
    0.00760661019012332,
    0.0075149149633944035,
    0.007423676084727049,
    0.007333003915846348,
    0.007242992985993624,
    0.007153722457587719,
    0.007065256591886282,
    0.006977648474276066,
    0.0068909418769180775,
    0.006805171724408865,
    0.006720365025103092,
    0.006636544596403837,
    0.006553729064762592,
    0.006471927277743816,
    0.00639114947989583,
    0.006311399862170219,
    0.006232681218534708,
    0.006154991220682859,
    0.0060783266089856625,
    0.006002758163958788,
    0.00592820905148983,
    0.005854561924934387,
    0.005781902931630611,
    0.005710246041417122,
    0.005639579147100449,
    0.005569886416196823,
    0.005501152481883764,
    0.0054333629086613655,
    0.0053665051236748695,
    0.005300565622746944,
    0.005235531833022833,
    0.005171390250325203,
    0.005108125973492861,
    0.005045727360993624,
    0.004984181374311447,
    0.004923473112285137,
    0.004863589536398649,
    0.004804518539458513,
    0.00474624615162611,
    0.00468876026570797,
    0.004632047843188047,
    0.004576095845550299,
    0.004520891699939966,
    0.004466424696147442,
    0.004412681795656681,
    0.004359651356935501,
    0.004307321738451719,
    0.004255681298673153,
    0.004204719327390194,
    0.00415442418307066,
    0.004104785621166229,
    0.004055792465806007,
    0.004007435403764248,
    0.003959702793508768,
    0.003912585787475109,
    0.003866073675453663,
    0.0038201576098799706,
    0.003774827579036355,
    0.0037300740368664265,
    0.0036858886014670134,
    0.003642262192443013,
    0.003599185962229967,
    0.00355665129609406,
    0.0035146502777934074,
    0.0034731740597635508,
    0.003432215191423893,
    0.003391765058040619,
    0.0033518157433718443,
    0.003312361426651478,
    0.0032733932603150606,
    0.0032349040266126394,
    0.0031968862749636173,
    0.0031593344174325466,
    0.0031222400721162558,
    0.0030855978839099407,
    0.0030493999365717173,
    0.003013641107827425,
    0.002978313248604536,
    0.0029434124007821083,
    0.002908930415287614,
    0.0028748628683388233,
    0.002841202775016427,
    0.0028079452458769083,
    0.0027750844601541758,
    0.0027426143642514944,
    0.0027105300687253475,
    0.0026788264513015747,
    0.002647497458383441,
    0.0026165388990193605,
    0.0025859451852738857,
    0.0025557116605341434,
    0.002525832736864686,
    0.0024963049218058586,
    0.002467123093083501,
    0.0024382879491895437,
    0.002409843960776925,
    0.002381666796281934,
    0.0023538065142929554,
    0.0023262749891728163,
    0.0022990675643086433,
    0.0022721770219504833,
    0.002245598705485463,
    0.0022193286567926407,
    0.0021933624520897865,
    0.002167696598917246,
    0.002142326906323433,
    0.0021172494161874056,
    0.0020924608688801527,
    0.0020679570734500885,
    0.002043735235929489,
    0.0020197906997054815,
    0.001996121369302273,
    0.0019727228209376335,
    0.0019495922606438398,
    0.0019267259631305933,
    0.0019041209015995264,
    0.0018817739328369498,
    0.0018596821464598179,
    0.0018378423992544413,
    0.001816251315176487,
    0.001794906216673553,
    0.0017738040769472718,
    0.0017529416363686323,
    0.001732317148707807,
    0.0017119265394285321,
    0.0016917677130550146,
    0.0016718379920348525,
    0.0016521344659850001,
    0.0016326546901836991,
    0.0016133958706632257,
    0.0015943554462864995,
    0.0015755309723317623,
    0.0015569201204925776,
    0.0015385199803858995,
    0.0015203285729512572,
    0.0015023433370515704,
    0.0014845618279650807,
    0.0014669817173853517,
    0.0014496009098365903,
    0.0014324169605970383,
    0.0014154277741909027,
    0.0013986307894811034,
    0.0013820243766531348,
    0.0013656059745699167,
    0.0013493733713403344,
    0.0013333249371498823,
    0.001317458227276802,
    0.001301771611906588,
    0.0012862624134868383,
    0.001270929235033691,
    0.0012557698646560311,
    0.0012407823232933879,
    0.0012259648647159338,
    0.001211315393447876,
    0.001196832163259387,
    0.0011825133115053177,
    0.0011683569755405188,
    0.001154361292719841,
    0.0011405247496441007,
    0.0011268454836681485,
    0.0011133215157315135,
    0.0010999513324350119,
    0.0010867331875488162,
    0.001073665451258421,
    0.0010607464937493205,
    0.0010479744523763657,
    0.0010353479301556945,
    0.0010228652972728014,
    0.0010105249239131808,
    0.0009983254130929708,
    0.0009862647857517004,
    0.000974341994151473,
    0.0009625551756471395,
    0.000950902933254838,
    0.0009393841028213501,
    0.0009279967052862048,
    0.0009167397511191666,
    0.0009056113776750863,
    0.0008946107118390501,
    0.0008837358909659088,
    0.0008729855180718005,
    0.0008623586618341506,
    0.0008518535760231316,
    0.0008414690382778645,
    0.0008312038844451308,
    0.000821056542918086,
    0.0008110258495435119,
    0.00080111064016819,
    0.0007913094596005976,
    0.0007816210272721946,
    0.0007720442954450846,
    0.0007625780417583883,
    0.0007532209274359047,
    0.0007439716719090939,
    0.0007348292274400592,
    0.0007257924880832434,
    0.0007168601732701063,
    0.0007080310606397688,
    0.0006993043352849782,
    0.0006906785420142114,
    0.0006821526912972331,
    0.0006737256771884859,
    0.0006653965101577342,
    0.0006571639096364379,
    0.0006490268860943615,
    0.0006409845664165914,
    0.0006330356118269265,
    0.0006251793820410967,
    0.0006174143636599183,
    0.0006097399746067822,
    0.0006021549343131483,
    0.0005946584860794246,
    0.000587249465752393,
    0.0005799269420094788,
    0.0005726900999434292,
    0.0005655378336086869,
    0.0005584692698903382,
    0.0005514833610504866,
    0.0005445794085972011,
    0.0005377564230002463,
    0.0005310134729370475,
    0.0005243497435003519,
    0.0005177640705369413,
    0.0005112559883855283,
    0.0005048244493082166,
    0.0004984685801900923,
    0.0004921876243315637,
    0.00048598070861771703,
    0.0004798470181412995,
    0.00047378562157973647,
    0.0004677958495449275,
    0.00046187694533728063,
    0.0004560279776342213,
    0.0004502482188399881,
    0.00044453697046265006,
    0.00043889341759495437,
    0.00043331674532964826,
    0.0004278062842786312,
    0.00042236121953465044,
    0.00041698093991726637,
    0.0004116646305192262,
    0.0004064116219524294,
    0.00040122109930962324,
    0.000396092509618029,
    0.00039102506707422435,
    0.0003860181022901088,
    0.00038107100408524275,
    0.00037618298665620387,
    0.000371353467926383,
    0.00036658174940384924,
    0.00036186727811582386,
    0.00035720926825888455,
    0.00035260713775642216,
    0.0003480602754279971,
    0.00034356809919700027,
    0.00033912991057150066,
    0.0003347451565787196,
    0.00033041322603821754,
    0.00032613350776955485,
    0.0003219054196961224,
    0.0003177283506374806,
    0.0003136018058285117,
    0.0003095251158811152,
    0.00030549775692634284,
    0.0003015192341990769,
    0.00029758893651887774,
    0.00029370631091296673,
    0.00028987080440856516,
