{
  "regime": "passive",
  "final_loss": 0.00155958766117692,
  "training_time": 2.9129576683044434,
  "duty_cycle": 50.0,
  "epochs": 3000,
  "use_solar": true,
  "adaptive_reg": false,
  "losses": [
    0.03356623649597168,
    0.009139754809439182,
    0.009030834771692753,
    0.008933106437325478,
    0.00876952987164259,
    0.008636701852083206,
    0.008580372668802738,
    0.00853024423122406,
    0.008473118767142296,
    0.008418518118560314,
    0.008360656909644604,
    0.008301615715026855,
    0.008240805007517338,
    0.008178538642823696,
    0.008114965632557869,
    0.008050216361880302,
    0.007984432391822338,
    0.007917740382254124,
    0.007850248366594315,
    0.007782064378261566,
    0.00771328154951334,
    0.007643987890332937,
    0.007574261166155338,
    0.0075041763484478,
    0.007433801889419556,
    0.007363199722021818,
    0.007292428985238075,
    0.00722154276445508,
    0.007150589954108,
    0.007079619914293289,
    0.007008673623204231,
    0.0069377911277115345,
    0.006867009215056896,
    0.0067963628098368645,
    0.0067258840426802635,
    0.006655604112893343,
    0.0065855481661856174,
    0.006515744607895613,
    0.0064462157897651196,
    0.006376985460519791,
    0.006308072246611118,
    0.006239496637135744,
    0.006171276327222586,
    0.006103427615016699,
    0.006035966798663139,
    0.005968907382339239,
    0.0059022619388997555,
    0.005836043041199446,
    0.005770261865109205,
    0.005704929120838642,
    0.005640053655952215,
    0.005575644783675671,
    0.005511709023267031,
    0.005448255222290754,
    0.005385289434343576,
    0.005322817247360945,
    0.005260844714939594,
    0.005199376028031111,
    0.00513841537758708,
    0.005077966954559088,
    0.005018033552914858,
    0.004958618897944689,
    0.004899725317955017,
    0.004841354209929705,
    0.004783507436513901,
    0.004726187791675329,
    0.004669394344091415,
    0.004613129887729883,
    0.004557392559945583,
    0.004502184223383665,
    0.004447504412382841,
    0.004393352661281824,
    0.004339727573096752,
    0.004286630544811487,
    0.004234058316797018,
    0.004182011354714632,
    0.004130485933274031,
    0.004079483449459076,
    0.004029000177979469,
    0.003979034256190062,
    0.003929584752768278,
    0.0038806491065770388,
    0.0038322245236486197,
    0.0037843086756765842,
    0.003736899234354496,
    0.0036899936385452747,
    0.0036435890942811966,
    0.0035976830404251814,
    0.0035522705875337124,
    0.003507351502776146,
    0.0034629215952008963,
    0.0034189776051789522,
    0.003375516040250659,
    0.0033325343392789364,
    0.003290028078481555,
    0.0032479946967214346,
    0.0032064304687082767,
    0.0031653319019824266,
    0.003124695736914873,
    0.003084518015384674,
    0.0030447954777628183,
    0.003005524165928364,
    0.002966701053082943,
    0.0029283217154443264,
    0.0028903826605528593,
    0.0028528806287795305,
    0.002815811662003398,
    0.0027791718021035194,
    0.002742957789450884,
    0.0027071654330939054,
    0.0026717905420809984,
    0.002636830322444439,
    0.0026022805832326412,
    0.0025681378319859505,
    0.0025343981105834246,
    0.002501057693734765,
    0.0024681121576577425,
    0.002435559406876564,
    0.0024033940862864256,
    0.0023716134019196033,
    0.0023402131628245115,
    0.0023091896437108517,
    0.0022785398177802563,
    0.0022482590284198523,
    0.0022183444816619158,
    0.0021887922193855047,
    0.002159598283469677,
    0.002130759647116065,
    0.0021022723522037268,
    0.0020741329062730074,
    0.002046337816864252,
    0.0020188833586871624,
    0.001991766504943371,
    0.0019649825990200043,
    0.0019385297782719135,
    0.0019124032696709037,
    0.0018866000464186072,
    0.001861116848886013,
    0.0018359501846134663,
    0.0018110969103872776,
    0.0017865529516711831,
    0.001762316096574068,
    0.0017383822705596685,
    0.0017147482139989734,
    0.0016914107836782932,
    0.0016683668363839388,
    0.0016456133453175426,
    0.0016231467016041279,
    0.0016009638784453273,
    0.001579062081873417
  ],
  "duty_log": [
    1,
    1,
    1,
    1,
    1,
    1,
    1,
    1,
    1,
    1,
    1,
    1,
    1,
    1,
    1,
    1,
    1,
    1,
    1,
    1,
    1,
    1,
    1,
    1,
    1,
    1,
    1,
    1,
    1,
    1,
    1,
    1,
    1,
    1,
    1,
    1,
    1,
    1,
    1,
    1,
    1,
    1,
    1,
    1,
    1,
    1,
    1,
    1,
    1,
    1,
    1,
    1,
    1,
    1,
    1,
    1,
    1,
    1,
    1,
    1,
    1,
    1,
    1,
    1,
    1,
    1,
    1,
    1,
    1,
    1,
    1,
    1,
    1,
    1,
    1,
    1,
    1,
    1,
    1,
    1,
    1,
    1,
    1,
    1,
    1,
    1,
    1,
    1,
    1,
    1,
    1,
    1,
    1,
    1,
    1,
    1,
    1,
    1,
    1,
    1,
    1,
    1,
    1,
    1,
    1,
    1,
    1,
    1,
    1,
    1,
    1,
    1,
    1,
    1,
    1,
    1,
    1,
    1,
    1,
    1,
    1,
    1,
    1,
    1,
    1,
    1,
    1,
    1,
    1,
    1,
    1,
    1,
    1,
    1,
    1,
    1,
    1,
    1,
    1,
    1,
    1,
    1,
    1,
    1,
    1,
    1,
    1,
    1,
    1,
    1,
    1,
    1,
    1,
    1,
    1,
    1,
    1,
    1,
    1,
    1,
    1,
    1,
    1,
    1,
    1,
    1,
    1,
    1,
    1,
    1,
    1,
    1,
    1,
    1,
    1,
    1,
    1,
    1,
    1,
    1,
    1,
    1,
    1,
    1,
    1,
    1,
    1,
    1,
    1,
    1,
    1,
    1,
    1,
    1,
    1,
    1,
    1,
    1,
    1,
    1,
    1,
    1,
    1,
    1,
    1,
    1,
    1,
    1,
    1,
    1,
    1,
    1,
    1,
    1,
    1,
    1,
    1,
    1,
    1,
    1,
    1,
    1,
    1,
    1,
    1,
    1,
    1,
    1,
    1,
    1,
    1,
    1,
    1,
    1,
    1,
    1,
    1,
    1,
    1,
    1,
    1,
    1,
    1,
    1,
    1,
    1,
    1,
    1,
    1,
    1,
    1,
    1,
    1,
    1,
    1,
    1,
    1,
    1,
    1,
    1,
    1,
    1,
    1,
    1,
    1,
    1,
    1,
    1,
    1,
    1,
    1,
    1,
    1,
    1,
    1,
    1,
    1,
    1,
    1,
    1,
    1,
    1,
    1,
    1,
    1,
    1,
    1,
    1,
    1,
    1,
    1,
    1,
    1,
    1,
    1,
    1,
    1,
    1,
    1,
    1
  ]
}