Regime,Duty Cycle (%),Final Loss,Training Time (s),Loss vs Baseline (%)
Continuous,100.0,0.00022257825185079128,5.812839984893799,0.0
Passive,50.0,0.00155958766117692,2.9129576683044434,600.6918457704544
Active,50.0,0.0012811011401936412,2.788243293762207,475.5733678115357
