{
  "regime": "active",
  "final_loss": 0.0184982530772686,
  "training_time": 22.84647536277771,
  "duty_cycle": 50.0,
  "epochs": 3000,
  "node_num": 16,
  "use_solar": true,
  "adaptive_reg": true,
  "losses": [
    2.104867696762085,
    1.2153830528259277,
    1.003569483757019,
    0.9248070120811462,
    0.8738780617713928,
    0.8406175374984741,
    0.8147408962249756,
    0.7896125316619873,
    0.7629809975624084,
    0.734632134437561,
    0.7040736675262451,
    0.6705552935600281,
    0.6333746910095215,
    0.5922238826751709,
    0.5478698015213013,
    0.5031710267066956,
    0.4626924693584442,
    0.4294508397579193,
    0.4027599096298218,
    0.38107335567474365,
    0.3630499839782715,
    0.347724586725235,
    0.33445265889167786,
    0.32283008098602295,
    0.3125566244125366,
    0.30335575342178345,
    0.2948957085609436,
    0.2868324816226959,
    0.2789442241191864,
    0.2711310386657715,
    0.2632152736186981,
    0.25490567088127136,
    0.24601556360721588,
    0.23653846979141235,
    0.22656309604644775,
    0.2162674069404602,
    0.20613011717796326,
    0.19676518440246582,
    0.1884213238954544,
    0.180986687541008,
    0.17398883402347565,
    0.16704429686069489,
    0.15999735891819,
    0.1527273803949356,
    0.14517126977443695,
    0.13736632466316223,
    0.12944144010543823,
    0.12163672596216202,
    0.11419640481472015,
    0.1072322353720665,
    0.10065505653619766,
    0.09424272179603577,
    0.08948376029729843,
    0.08233554661273956,
    0.07619492709636688,
    0.0706169456243515,
    0.06506422907114029,
    0.05976876989006996,
    0.054838817566633224,
    0.05035095289349556,
    0.046356722712516785,
    0.04283687844872475,
    0.04091236740350723,
    0.037619248032569885,
    0.03533941134810448,
    0.03365340083837509,
    0.03174418956041336,
    0.030230145901441574,
    0.02885344810783863,
    0.027655748650431633,
    0.026584656909108162,
    0.025642916560173035,
    0.02481360360980034,
    0.024209819734096527,
    0.023599300533533096,
    0.023110147565603256,
    0.0229604784399271,
    0.022289738059043884,
    0.021837523207068443,
    0.021515458822250366,
    0.021233687177300453,
    0.02099253609776497,
    0.020783543586730957,
    0.02059946022927761,
    0.02043641358613968,
    0.02030107006430626,
    0.02184804156422615,
    0.022052403539419174,
    0.020658690482378006,
    0.020107585936784744,
    0.019841352477669716,
    0.019700154662132263,
    0.019634727388620377,
    0.01955905184149742,
    0.019496425986289978,
    0.019435927271842957,
    0.019380226731300354,
    0.019327962771058083,
    0.019279297441244125,
    0.019235823303461075,
    0.01940537802875042,
    0.02077149972319603,
    0.020153004676103592,
    0.019290592521429062,
    0.019057754427194595,
    0.01904160901904106,
    0.019010508432984352,
    0.01896493136882782,
    0.018940020352602005,
    0.018913475796580315,
    0.018888365477323532,
    0.01886487752199173,
    0.01884244754910469,
    0.01882088929414749,
    0.018800288438796997,
    0.018780795857310295,
    0.018781516700983047,
    0.02154717594385147,
    0.020850427448749542,
    0.019436173141002655,
    0.01889175735414028,
    0.01871452108025551,
    0.01867658644914627,
    0.018673906102776527,
    0.018654877319931984,
    0.018641332164406776,
    0.01863010972738266,
    0.01861969195306301,
    0.018609488382935524,
    0.018599823117256165,
    0.01859055832028389,
    0.01858166605234146,
    0.018573109060525894,
    0.01856490783393383,
    0.01855703443288803,
    0.01855013146996498,
    0.018625333905220032,
    0.02529739774763584,
    0.01897980272769928,
    0.01861601509153843,
    0.018550004810094833,
    0.018523942679166794,
    0.018518544733524323,
    0.018519671633839607,
    0.018515806645154953,
    0.018509183079004288,
    0.018506495282053947,
    0.018504001200199127,
    0.01850183494389057,
    0.018499834463000298
  ],
  "duty_log": [
    1,
    1,
    1,
    1,
    1,
    1,
    1,
    1,
    1,
    1,
    1,
    1,
    1,
    1,
    1,
    1,
    1,
    1,
    1,
    1,
    1,
    1,
    1,
    1,
    1,
    1,
    1,
    1,
    1,
    1,
    1,
    1,
    1,
    1,
    1,
    1,
    1,
    1,
    1,
    1,
    1,
    1,
    1,
    1,
    1,
    1,
    1,
    1,
    1,
    1,
    1,
    1,
    1,
    1,
    1,
    1,
    1,
    1,
    1,
    1,
    1,
    1,
    1,
    1,
    1,
    1,
    1,
    1,
    1,
    1,
    1,
    1,
    1,
    1,
    1,
    1,
    1,
    1,
    1,
    1,
    1,
    1,
    1,
    1,
    1,
    1,
    1,
    1,
    1,
    1,
    1,
    1,
    1,
    1,
    1,
    1,
    1,
    1,
    1,
    1,
    1,
    1,
    1,
    1,
    1,
    1,
    1,
    1,
    1,
    1,
    1,
    1,
    1,
    1,
    1,
    1,
    1,
    1,
    1,
    1,
    1,
    1,
    1,
    1,
    1,
    1,
    1,
    1,
    1,
    1,
    1,
    1,
    1,
    1,
    1,
    1,
    1,
    1,
    1,
    1,
    1,
    1,
    1,
    1,
    1,
    1,
    1,
    1,
    1,
    1,
    1,
    1,
    1,
    1,
    1,
    1,
    1,
    1,
    1,
    1,
    1,
    1,
    1,
    1,
    1,
    1,
    1,
    1,
    1,
    1,
    1,
    1,
    1,
    1,
    1,
    1,
    1,
    1,
    1,
    1,
    1,
    1,
    1,
    1,
    1,
    1,
    1,
    1,
    1,
    1,
    1,
    1,
    1,
    1,
    1,
    1,
    1,
    1,
    1,
    1,
    1,
    1,
    1,
    1,
    1,
    1,
    1,
    1,
    1,
    1,
    1,
    1,
    1,
    1,
    1,
    1,
    1,
    1,
    1,
    1,
    1,
    1,
    1,
    1,
    1,
    1,
    1,
    1,
    1,
    1,
    1,
    1,
    1,
    1,
    1,
    1,
    1,
    1,
    1,
    1,
    1,
    1,
    1,
    1,
    1,
    1,
    1,
    1,
    1,
    1,
    1,
    1,
    1,
    1,
    1,
    1,
    1,
    1,
    1,
    1,
    1,
    1,
    1,
    1,
    1,
    1,
    1,
    1,
    1,
    1,
    1,
    1,
    1,
    1,
    1,
    1,
    1,
    1,
    1,
    1,
    1,
    1,
    1,
    1,
    1,
    1,
    1,
    1,
    1,
    1,
    1,
    1,
    1,
    1,
    1,
    1,
    1,
    1,
    1,
    1
  ]
}