{
  "regime": "continuous",
  "final_loss": 0.013766735792160034,
  "training_time": 46.23241376876831,
  "duty_cycle": 100.0,
  "epochs": 3000,
  "node_num": 16,
  "use_solar": false,
  "adaptive_reg": false,
  "losses": [
    1.294296383857727,
    0.9918651580810547,
    0.913992702960968,
    0.8563395738601685,
    0.8101133108139038,
    0.7752875089645386,
    0.7383316159248352,
    0.6981525421142578,
    0.6535646915435791,
    0.6037089824676514,
    0.5509659647941589,
    0.4995615482330322,
    0.45414867997169495,
    0.4175611734390259,
    0.3903222680091858,
    0.3697492480278015,
    0.35166776180267334,
    0.33570802211761475,
    0.3218415379524231,
    0.3094131648540497,
    0.29726120829582214,
    0.2845422625541687,
    0.2706977427005768,
    0.2551566958427429,
    0.23839908838272095,
    0.22272245585918427,
    0.2092072069644928,
    0.19617480039596558,
    0.18297582864761353,
    0.16938664019107819,
    0.16000239551067352,
    0.14354048669338226,
    0.13093122839927673,
    0.11948239058256149,
    0.10970037430524826,
    0.10120143741369247,
    0.09348716586828232,
    0.08618567883968353,
    0.07909654825925827,
    0.0724179595708847,
    0.06744641810655594,
    0.06060035154223442,
    0.05447884276509285,
    0.049400441348552704,
    0.044670917093753815,
    0.042409781366586685,
    0.03732060641050339,
    0.034562356770038605,
    0.032307516783475876,
    0.03091496229171753,
    0.02874878980219364,
    0.027384957298636436,
    0.02644396387040615,
    0.025299079716205597,
    0.024321630597114563,
    0.024663496762514114,
    0.022956937551498413,
    0.021883375942707062,
    0.021133575588464737,
    0.020801439881324768,
    0.02152266353368759,
    0.019700858741998672,
    0.01919177919626236,
    0.018597524613142014,
    0.018790513277053833,
    0.01786954514682293,
    0.017689019441604614,
    0.017394110560417175,
    0.017090555280447006,
    0.0170197244733572,
    0.018496379256248474,
    0.016912590712308884,
    0.016366807743906975,
    0.016226986423134804,
    0.01610446535050869,
    0.016027437523007393,
    0.016622008755803108,
    0.015835992991924286,
    0.015957944095134735,
    0.01578790321946144,
    0.015635857358574867,
    0.015777166932821274,
    0.015469824895262718,
    0.015611082315444946,
    0.01536746695637703,
    0.015914518386125565,
    0.015271633863449097,
    0.01560225896537304,
    0.01530532818287611,
    0.015160243958234787,
    0.01513256411999464,
    0.015099946409463882,
    0.015076127834618092,
    0.015044721774756908,
    0.015022873878479004,
    0.015392380766570568,
    0.015010900795459747,
    0.015411125496029854,
    0.015187082812190056,
    0.015037260949611664,
    0.014937913045287132,
    0.014880908653140068,
    0.014864136464893818,
    0.014844088815152645,
    0.01482665166258812,
    0.014809179119765759,
    0.014792811125516891,
    0.014782177284359932,
    0.016662105917930603,
    0.014815747737884521,
    0.014750685542821884,
    0.014785224571824074,
    0.014751367270946503,
    0.014714084565639496,
    0.014689331874251366,
    0.01467969547957182,
    0.01508086547255516,
    0.015079017728567123,
    0.015375001356005669,
    0.014635815285146236,
    0.014689908362925053,
    0.014618882909417152,
    0.014603005722165108,
    0.014581406489014626,
    0.014571641571819782,
    0.01456086803227663,
    0.014550166204571724,
    0.014539936557412148,
    0.014529984444379807,
    0.0145203722640872,
    0.014517249539494514,
    0.01504259929060936,
    0.014570887200534344,
    0.01528913527727127,
    0.014772484079003334,
    0.014497324824333191,
    0.014468517154455185,
    0.01446754764765501,
    0.014443153515458107,
    0.01443692110478878,
    0.014426914975047112,
    0.014418312348425388,
    0.01441024336963892,
    0.014402331784367561,
    0.014397095888853073,
    0.014662424102425575,
    0.01440480537712574,
    0.014738615602254868,
    0.01450863666832447,
    0.014366406947374344,
    0.014362277463078499,
    0.014402264729142189,
    0.01669398322701454,
    0.0156649611890316,
    0.01435981784015894,
    0.014497263357043266,
    0.014317022636532784,
    0.014327299781143665,
    0.014309209771454334,
    0.014296337962150574,
    0.01428932137787342,
    0.014283168129622936,
    0.01427711732685566,
    0.01427079550921917,
    0.014264891855418682,
    0.014259710907936096,
    0.014283997006714344,
    0.016616592183709145,
    0.016116466373205185,
    0.014306563884019852,
    0.01429765671491623,
    0.014314057305455208,
    0.014230145141482353,
    0.01422396395355463,
    0.014213165268301964,
    0.014207887463271618,
    0.014201133511960506,
    0.014195970259606838,
    0.014214075170457363,
    0.016461551189422607,
    0.014505877159535885,
    0.014480989426374435,
    0.014267144724726677,
    0.014173919335007668,
    0.014165619388222694,
    0.014162607491016388,
    0.014152390882372856,
    0.014148445799946785,
    0.014144634827971458,
    0.01424837950617075,
    0.019400309771299362,
    0.014147020876407623,
    0.01436210609972477,
    0.014295045286417007,
    0.014175948686897755,
    0.014117883518338203,
    0.01411464624106884,
    0.014108115807175636,
    0.014101779088377953,
    0.014097124338150024,
    0.014092778787016869,
    0.014088324271142483,
    0.014083990827202797,
    0.014079691842198372,
    0.014075417071580887,
    0.014071156270802021,
    0.014066919684410095,
    0.01406283862888813,
    0.014075559563934803,
    0.01666697859764099,
    0.014623872935771942,
    0.014329509809613228,
    0.014175129123032093,
    0.014112425036728382,
    0.01414606161415577,
    0.014959214255213737,
    0.014071682468056679,
    0.014063751325011253,
    0.01405767910182476,
    0.014055428095161915,
    0.014028942212462425,
    0.014013252221047878,
    0.014007764868438244,
    0.014014032669365406,
    0.014243138022720814,
    0.0166168175637722,
    0.014417710714042187,
    0.014017698355019093,
    0.014089185744524002,
    0.014009393751621246,
    0.013981007039546967,
    0.013975400477647781,
    0.013971803709864616,
    0.013968536630272865,
    0.013964812271296978,
    0.013960829004645348,
    0.013957168906927109,
    0.01395370066165924,
    0.013954803347587585,
    0.014350926503539085,
    0.015378851443529129,
    0.015092974528670311,
    0.014125527814030647,
    0.013937857002019882,
    0.013949413783848286,
    0.013947591185569763,
    0.013926605693995953,
    0.013922614976763725,
    0.01391819678246975,
    0.013914580456912518,
    0.013910863548517227,
    0.013908470049500465,
    0.013996947556734085,
    0.016184795647859573,
    0.014032481238245964,
    0.013945710845291615,
    0.013979523442685604,
    0.013909712433815002,
    0.01388624869287014,
    0.013886531814932823,
    0.013878720812499523,
    0.013876020908355713,
    0.013872338458895683,
    0.013868944719433784,
    0.013865894638001919,
    0.013873493298888206,
    0.015050297603011131,
    0.014515072107315063,
    0.01397098507732153,
    0.014026397839188576,
    0.01396162435412407,
    0.013886797241866589,
    0.013847321271896362,
    0.01384061574935913,
    0.013838587328791618,
    0.013833283446729183,
    0.013830389827489853,
    0.013826949521899223,
    0.01382378675043583,
    0.013820629566907883,
    0.01381746120750904,
    0.013814304955303669,
    0.013811144977807999,
    0.013808360323309898,
    0.013864808715879917,
    0.017433233559131622,
    0.014294471591711044,
    0.013894608244299889,
    0.013817370869219303,
    0.013794117607176304,
    0.013788294047117233,
    0.013786982744932175,
