{
  "regime": "passive",
  "final_loss": 0.013654446229338646,
  "training_time": 24.15614342689514,
  "duty_cycle": 50.0,
  "epochs": 3000,
  "node_num": 16,
  "use_solar": true,
  "adaptive_reg": false,
  "losses": [
    2.0700156688690186,
    1.1633340120315552,
    0.9697964787483215,
    0.914838433265686,
    0.8727409243583679,
    0.8287498950958252,
    0.7848337292671204,
    0.7403444647789001,
    0.6952739357948303,
    0.6528024077415466,
    0.6164496541023254,
    0.5842781066894531,
    0.5533534288406372,
    0.5238828659057617,
    0.496309369802475,
    0.47043532133102417,
    0.4465470612049103,
    0.425121545791626,
    0.4065789580345154,
    0.3911150097846985,
    0.3786221742630005,
    0.36859458684921265,
    0.3602088689804077,
    0.3525983691215515,
    0.34517109394073486,
    0.33773908019065857,
    0.3304052948951721,
    0.3233256936073303,
    0.3166140615940094,
    0.3103063404560089,
    0.3043272793292999,
    0.29853907227516174,
    0.292807936668396,
    0.2870461344718933,
    0.28118956089019775,
    0.2751631438732147,
    0.26886022090911865,
    0.26213279366493225,
    0.2547980844974518,
    0.2466544210910797,
    0.23750364780426025,
    0.22718876600265503,
    0.21563436090946198,
    0.20284491777420044,
    0.18893462419509888,
    0.17426607012748718,
    0.1593300998210907,
    0.14443321526050568,
    0.12971310317516327,
    0.1153210699558258,
    0.10146597027778625,
    0.08838888257741928,
    0.07638286054134369,
    0.06583420187234879,
    0.057024288922548294,
    0.04986683279275894,
    0.043998170644044876,
    0.039074525237083435,
    0.03491104394197464,
    0.031420640647411346,
    0.028576012700796127,
    0.026364527642726898,
    0.024587001651525497,
    0.023199966177344322,
    0.022085268050432205,
    0.021183215081691742,
    0.020445257425308228,
    0.019826728850603104,
    0.019297949969768524,
    0.018838267773389816,
    0.018432965502142906,
    0.018071619793772697,
    0.01774698868393898,
    0.01745375618338585,
    0.01718788594007492,
    0.016946183517575264,
    0.016726063564419746,
    0.016567278653383255,
    0.016706248745322227,
    0.016268853098154068,
    0.016043290495872498,
    0.01591852307319641,
    0.01577780395746231,
    0.0156593918800354,
    0.015551792457699776,
    0.015451593324542046,
    0.015358304604887962,
    0.01527133397758007,
    0.015190050937235355,
    0.015113916248083115,
    0.015042516402900219,
    0.014975425787270069,
    0.014912281185388565,
    0.014852764084935188,
    0.01479656994342804,
    0.01474345289170742,
    0.01469317078590393,
    0.014645632356405258,
    0.01462826132774353,
    0.014708049595355988,
    0.014642830938100815,
    0.014502947218716145,
    0.014450335875153542,
    0.014417150989174843,
    0.014380500651896,
    0.014348656870424747,
    0.014317456632852554,
    0.014288438484072685,
    0.014260605908930302,
    0.014233877882361412,
    0.014208135195076466,
    0.014183372259140015,
    0.014159509912133217,
    0.01413659192621708,
    0.01415043044835329,
    0.014217281714081764,
    0.014114904217422009,
    0.01405634731054306,
    0.014047259464859962,
    0.014026680961251259,
    0.014004835858941078,
    0.013985611498355865,
    0.01396830752491951,
    0.013952363282442093,
    0.013940680772066116,
    0.014170020818710327,
    0.014068862423300743,
    0.013924144208431244,
    0.013900717720389366,
    0.013871090486645699,
    0.013854876160621643,
    0.013842224143445492,
    0.013828829862177372,
    0.013816507533192635,
    0.013804685324430466,
    0.013793135061860085,
    0.013781849294900894,
    0.013771666213870049,
    0.01385069452226162,
    0.01390832755714655,
    0.014013533480465412,
    0.013797460123896599,
    0.0137241305783391,
    0.01371811330318451,
    0.013712137006223202,
    0.013780780136585236,
    0.013791847974061966,
    0.013694616965949535,
    0.013669740408658981,
    0.013660052791237831
  ],
  "duty_log": [
    1,
    1,
    1,
    1,
    1,
    1,
    1,
    1,
    1,
    1,
    1,
    1,
    1,
    1,
    1,
    1,
    1,
    1,
    1,
    1,
    1,
    1,
    1,
    1,
    1,
    1,
    1,
    1,
    1,
    1,
    1,
    1,
    1,
    1,
    1,
    1,
    1,
    1,
    1,
    1,
    1,
    1,
    1,
    1,
    1,
    1,
    1,
    1,
    1,
    1,
    1,
    1,
    1,
    1,
    1,
    1,
    1,
    1,
    1,
    1,
    1,
    1,
    1,
    1,
    1,
    1,
    1,
    1,
    1,
    1,
    1,
    1,
    1,
    1,
    1,
    1,
    1,
    1,
    1,
    1,
    1,
    1,
    1,
    1,
    1,
    1,
    1,
    1,
    1,
    1,
    1,
    1,
    1,
    1,
    1,
    1,
    1,
    1,
    1,
    1,
    1,
    1,
    1,
    1,
    1,
    1,
    1,
    1,
    1,
    1,
    1,
    1,
    1,
    1,
    1,
    1,
    1,
    1,
    1,
    1,
    1,
    1,
    1,
    1,
    1,
    1,
    1,
    1,
    1,
    1,
    1,
    1,
    1,
    1,
    1,
    1,
    1,
    1,
    1,
    1,
    1,
    1,
    1,
    1,
    1,
    1,
    1,
    1,
    1,
    1,
    1,
    1,
    1,
    1,
    1,
    1,
    1,
    1,
    1,
    1,
    1,
    1,
    1,
    1,
    1,
    1,
    1,
    1,
    1,
    1,
    1,
    1,
    1,
    1,
    1,
    1,
    1,
    1,
    1,
    1,
    1,
    1,
    1,
    1,
    1,
    1,
    1,
    1,
    1,
    1,
    1,
    1,
    1,
    1,
    1,
    1,
    1,
    1,
    1,
    1,
    1,
    1,
    1,
    1,
    1,
    1,
    1,
    1,
    1,
    1,
    1,
    1,
    1,
    1,
    1,
    1,
    1,
    1,
    1,
    1,
    1,
    1,
    1,
    1,
    1,
    1,
    1,
    1,
    1,
    1,
    1,
    1,
    1,
    1,
    1,
    1,
    1,
    1,
    1,
    1,
    1,
    1,
    1,
    1,
    1,
    1,
    1,
    1,
    1,
    1,
    1,
    1,
    1,
    1,
    1,
    1,
    1,
    1,
    1,
    1,
    1,
    1,
    1,
    1,
    1,
    1,
    1,
    1,
    1,
    1,
    1,
    1,
    1,
    1,
    1,
    1,
    1,
    1,
    1,
    1,
    1,
    1,
    1,
    1,
    1,
    1,
    1,
    1,
    1,
    1,
    1,
    1,
    1,
    1,
    1,
    1,
    1,
    1,
    1,
    1
  ]
}