Condition,Mean Loss,± 95% CI,Duty Cycle,Degradation (%)
Continuous (Baseline),0.22246906161308289,0.01276626902441596,1.0,0.0
Real PVGIS Solar,0.4203769862651825,0.01801851652190041,0.21866666666666668,88.95975162438546
Markov Model Solar,0.3555310070514679,0.05200601559581933,0.35966666666666675,59.811438261831526
